{"val_loss": [1.1911541204452514, 1.0317854383468628, 1.1393272336959839, 0.9838998889923096, 0.9612292717456817, 0.7537319032669068, 0.609660517501831, 0.6080427286148071, 0.7338993667602539, 0.696727608013153, 0.6533969505310059, 0.5064155560970306, 0.6400093198299408, 0.5398228269577027, 0.5366335423469544, 0.573539106798172, 0.5241835503578186, 0.5248530660629273, 0.574552005815506, 0.4191280117511749, 0.5034514825820923, 0.463842427444458, 0.4586859328269958, 0.47199455704689025, 0.41298442072868347, 0.5064388324737549, 0.4260846416950226, 0.4289200089931488, 0.5066669172286987, 0.5001214632511138, 0.4106926653862, 0.4807993513584137, 0.41864753646850583, 0.4330555787563324, 0.40604276685714724, 0.6015742169380188, 0.5473424641609191, 0.4814834738254547, 0.4889179180145264, 0.44272935638427735, 0.37891412172317507, 0.43569756731986997, 0.40136663613319395, 0.3808506380558014, 0.4620899750709534, 0.4024280333518982, 0.37381598987579345, 0.3919449557065964, 0.4496209388256073, 0.35929906516075133, 0.3944876813769341, 0.3967176894187927, 0.4105810949325562, 0.38834803652763367, 0.3898527970790863, 0.44226458125114443, 0.3950085616827011, 0.36643383564949034, 0.3922344269037247, 0.3822069130420685, 0.3736653111457825, 0.38261205534935, 0.37411074137687683, 0.3775599657058716, 0.36547653040885925, 0.3772118699789047, 0.36530017862319947, 0.3654655469894409, 0.36427216658592226, 0.3640857251882553], "val_acc": [0.5672, 0.6467, 0.6355, 0.6717, 0.6922, 0.7558, 0.7958, 0.7885, 0.7728, 0.7782, 0.7886, 0.8317, 0.7993, 0.814, 0.8271, 0.8203, 0.8307, 0.8333, 0.8121, 0.8637, 0.8431, 0.854, 0.8577, 0.8485, 0.8664, 0.8401, 0.8699, 0.866, 0.8438, 0.8486, 0.8743, 0.8562, 0.8759, 0.8638, 0.8806, 0.8348, 0.8452, 0.8693, 0.8613, 0.8741, 0.8877, 0.8789, 0.8839, 0.8877, 0.8715, 0.8874, 0.8901, 0.8896, 0.8784, 0.8962, 0.8943, 0.8917, 0.8865, 0.8919, 0.8939, 0.8835, 0.8919, 0.9003, 0.8941, 0.8955, 0.8965, 0.899, 0.8983, 0.8992, 0.9004, 0.8985, 0.9024, 0.902, 0.9021, 0.903], "loss": [1.5031882152056724, 1.0838784293003931, 0.9000995786516226, 0.7876615991809359, 0.7006651087855346, 0.6421758859862657, 0.5876302645016236, 0.5500943275148843, 0.5202621940388507, 0.4846532373321778, 0.4606329322777968, 0.43214358260944, 0.4122651297096563, 0.3953833766890351, 0.3740187958049988, 0.3577922545385376, 0.34076888623889995, 0.32772620748495757, 0.31505394433599676, 0.30016313893830915, 0.28661091716883086, 0.26965246319732616, 0.26539696489234876, 0.2548452153663458, 0.24341048745248073, 0.23758862251866442, 0.2275504340721758, 0.21609834765669858, 0.20721842632657325, 0.20332828574228728, 0.19396958914094534, 0.18762368810784164, 0.17971317180740035, 0.1755912678053042, 0.16493335111769145, 0.16219775503318076, 0.14977542991078233, 0.1508501266624369, 0.14295970406460862, 0.13923709866796996, 0.12714888762893947, 0.1278248161664761, 0.12347218142186782, 0.11658564183559031, 0.11656475413288683, 0.1088363848452345, 0.10624790462124849, 0.0994869341876254, 0.09382145776533042, 0.09336966708140165, 0.08950075924931257, 0.08377674603354315, 0.08316328957407129, 0.08111849920785377, 0.07109964027933989, 0.07221146783374013, 0.07194795547598105, 0.06779014554205363, 0.06494484572542741, 0.061190070721682775, 0.060215474572778704, 0.059856508923255836, 0.05800773586823615, 0.05550730155195441, 0.05425481022702926, 0.05181661890434726, 0.04938127561264965, 0.048220200002198225, 0.04850984049020398, 0.04665797400607279], "acc": [0.45102432778489115, 0.6135052867670618, 0.6839154117270105, 0.7256488305030439, 0.7572092278115988, 0.7786166292854855, 0.7995434155719321, 0.8114386414610701, 0.8226930471002883, 0.8332465555911567, 0.843479653957065, 0.8516100608779238, 0.8588793655879525, 0.8654677987824415, 0.8730174623518103, 0.8780839474527395, 0.8828300224287088, 0.887716276834348, 0.8919416853572573, 0.8977090676065363, 0.9005326818327459, 0.9071811919256648, 0.9099847805190644, 0.9115467798782442, 0.9170338032681833, 0.918996315283563, 0.9204782121115027, 0.924883851329702, 0.9286086190323615, 0.9288689522588914, 0.9335148990708106, 0.9355775392502403, 0.9388617430310798, 0.9397829221403396, 0.943387536046139, 0.9449895866709388, 0.9482337391861583, 0.9487744312720282, 0.9520786606856777, 0.9522588913809676, 0.956023710349247, 0.9574655559115668, 0.9577258891380968, 0.9595281960909965, 0.9610701698173663, 0.962832425504646, 0.962792374239026, 0.9656560397308555, 0.9674983979493752, 0.9681992950977251, 0.9695410124959949, 0.9720041653316245, 0.9721042934956745, 0.9727851650112144, 0.9757289330342839, 0.9766901634091637, 0.9767101890419737, 0.9783522909323935, 0.9785925985261135, 0.9801545978852931, 0.9805150592758731, 0.981175905158603, 0.9805751361743031, 0.981856776674143, 0.9825176225568728, 0.9833787247677026, 0.9840395706504326, 0.9854814162127523, 0.9846803909003524, 0.9858218519705223], "lr": [0.004999999888241291, 0.00492857163771987, 0.004857142921537161, 0.004785714205354452, 0.004714285489171743, 0.004642857238650322, 0.004571428522467613, 0.0044999998062849045, 0.004428571555763483, 0.004357142839580774, 0.004285714123398066, 0.004214285872876644, 0.004142857156693935, 0.004071428440511227, 0.004000000189989805, 0.0039285714738070965, 0.0038571427576243877, 0.0037857142742723227, 0.0037142857909202576, 0.003642857074737549, 0.0035714285913854837, 0.0035000001080334187, 0.00342857139185071, 0.003357142908498645, 0.003285714192315936, 0.003214285708963871, 0.003142857225611806, 0.003071428509429097, 0.003000000026077032, 0.002928571542724967, 0.0028571428265422583, 0.002785714343190193, 0.0027142856270074844, 0.0026428571436554193, 0.0025714286603033543, 0.0024999999441206455, 0.0024285714607685804, 0.0023571427445858717, 0.0022857142612338066, 0.0022142857778817415, 0.002142857061699033, 0.0020714285783469677, 0.0020000000949949026, 0.0019285713788121939, 0.0018571428954601288, 0.0017857142956927419, 0.001714285695925355, 0.001642857096157968, 0.001571428612805903, 0.001500000013038516, 0.0014285714132711291, 0.0013571428135037422, 0.0012857143301516771, 0.0012142857303842902, 0.0011428571306169033, 0.0010714285308495164, 0.0010000000474974513, 0.0009285714477300644, 0.0008571428479626775, 0.0007857143064029515, 0.0007142857066355646, 0.0006428571650758386, 0.0005714285653084517, 0.0005000000237487257, 0.00042857142398133874, 0.0003571428533177823, 0.0002857142826542258, 0.00021428571199066937, 0.0001428571413271129]}