{"val_loss": [5.703634427143977, 5.116942837234473, 4.873678716484475, 4.697109533776792, 3.9997267366031517, 4.119626593474605, 4.019180699822983, 4.0922170176790145, 4.121447936348293, 3.7503714553783865, 3.8502185095143586, 3.8445954507099835, 3.6492166258094776, 3.7744289884244764, 3.6156345684555227, 3.5911031556398205, 3.792445293755155, 3.618258316159824, 3.5357033711124735, 3.8343254057105614, 3.6707138711895535, 3.646486859774628, 3.575801695794491, 3.587165076567547, 3.543330115780546, 3.4134180300093697, 3.278382269464637, 3.3921206692374657, 3.464513696142249, 3.2474839314938357, 3.3651596985385424, 3.44068142834109, 3.0845259929048843, 3.4042506187242396, 3.1457677981703753, 3.1490060000795865, 3.2710456214665213, 3.116852458164504, 3.2572516389131163, 3.42187861620708, 3.328589103072162, 3.06264150776149, 3.108240087635083, 3.1838941892755974, 3.2117642910968085, 3.124911216146128, 3.1880135159945526, 3.1943804795423376, 3.173253716286062, 3.090623077755005, 2.9770202936181698, 2.9995912192524345, 2.9056229545298407, 3.067986423074719, 2.953605545123802, 2.871950669757026, 2.9466930038495147, 2.9046232569812767, 2.9290669233134787, 2.943969331117836, 2.922085278660011, 2.9915388118049755, 3.021429545253563, 2.9529258433171517, 2.975568653880686, 2.953205207695708, 2.9170172963165433, 2.906150074588696, 2.884229279562663, 2.888629270636517], "val_acc": [0.08283253205128205, 0.11936392914653784, 0.1403985507246377, 0.15921900161030597, 0.24053945249597425, 0.22936795491143316, 0.25120772946859904, 0.24376006441223833, 0.2469806763285024, 0.29579307568438, 0.2794887278582931, 0.285426731078905, 0.32024959742351045, 0.30636070853462155, 0.32004830917874394, 0.3305152979066023, 0.3096819645732689, 0.32628824476650564, 0.3340378421900161, 0.30958132045088566, 0.330012077294686, 0.33886876006441224, 0.3327294685990338, 0.34802737520128824, 0.3517512077294686, 0.36926328502415456, 0.38617149758454106, 0.3815418679549114, 0.3698671497584541, 0.3993558776167472, 0.3815418679549114, 0.37852254428341386, 0.42562399355877617, 0.3826489533011272, 0.4268317230273752, 0.42139694041867953, 0.40831320450885666, 0.42914653784219003, 0.4071054750402576, 0.3869766505636071, 0.40438808373590984, 0.4398148148148148, 0.4281400966183575, 0.42351046698872785, 0.42844202898550726, 0.44122383252818037, 0.42310789049919484, 0.4264291465378422, 0.4190821256038647, 0.44434380032206117, 0.45742753623188404, 0.45299919484702095, 0.4697061191626409, 0.44484702093397743, 0.45994363929146537, 0.47816022544283415, 0.46910225442834136, 0.47755636070853463, 0.47493961352657005, 0.46799516908212563, 0.4735305958132045, 0.4609500805152979, 0.45873590982286633, 0.4724235104669887, 0.4716183574879227, 0.4758454106280193, 0.48188405797101447, 0.48621175523349436, 0.49245169082125606, 0.4906400966183575], "loss": [6.0530434750221875, 4.911614060295877, 4.413027393162579, 4.165315166738742, 4.008163900142928, 3.8777208603100726, 3.7604631014808474, 3.655450205980215, 3.559370347940716, 3.471573067610638, 3.406025690108596, 3.3402096784490216, 3.2876379300724716, 3.2370872306263845, 3.186504557514038, 3.145474372650673, 3.098746998796597, 3.0637618457479974, 3.025036486542706, 2.9931782114826007, 2.9570715103766987, 2.9200269475650837, 2.8873802276506817, 2.8624303442285357, 2.828733721994204, 2.7943334504392006, 2.7742155257375867, 2.7458242260037613, 2.7101674214776907, 2.6788664480011524, 2.649910551821755, 2.6170854904837846, 2.5906771271917197, 2.5686578797267607, 2.5339496705990587, 2.502547583001467, 2.476802646424545, 2.4494561866559375, 2.414982802374595, 2.396082174733448, 2.3590658873855124, 2.33022689513943, 2.295975323907635, 2.2704494389917604, 2.239545346048671, 2.212636533315401, 2.1811912530598065, 2.1439251914564728, 2.108511198459836, 2.081639544456121, 2.044937904779013, 2.0149617430748537, 1.9771912898739088, 1.9499712729661878, 1.915772968160578, 1.8747288620232305, 1.8426566923922267, 1.8073375015533644, 1.7803256376170111, 1.7403188709940398, 1.7093575187391965, 1.6711397037411093, 1.6384879249500817, 1.6085804255698801, 1.5728971340800069, 1.5474074040204049, 1.5171498801546617, 1.4946135025689493, 1.466251358021368, 1.4441365691568266], "acc": [0.07816945234708393, 0.14571473047500444, 0.1825186799501868, 0.21275128980608432, 0.23933686176836863, 0.2630314890588863, 0.2849581924924391, 0.30316002490660027, 0.3184597936310265, 0.3367950542608077, 0.3497042341220423, 0.3619017968333037, 0.37276507738836506, 0.38178260096068317, 0.3915562177548479, 0.39948407756626936, 0.4084904821206191, 0.41605141433908555, 0.4243684397793987, 0.43033935242839355, 0.4353540295321117, 0.44622842910514143, 0.451087439957303, 0.45534602383917455, 0.46225093399750933, 0.4695338907667675, 0.47365904643301904, 0.47905177014766054, 0.48721312933641703, 0.49028197829567693, 0.49688667496886674, 0.5032022771748799, 0.5089619284824765, 0.5122420387831347, 0.5178682618751111, 0.5244173634584594, 0.5303660380715175, 0.5348025262408824, 0.5417852695249955, 0.5457214018857854, 0.5517923856964952, 0.5587417719267034, 0.5650796121686532, 0.5665139654865682, 0.5735411848425547, 0.5785113858743995, 0.588107098381071, 0.5930105853051059, 0.600026685643124, 0.6038516278242305, 0.613347269169187, 0.6171054972424835, 0.6258561643835616, 0.6302704145169898, 0.6347180217043231, 0.6441247109055328, 0.6513965486568226, 0.6583348158690624, 0.663093755559509, 0.6740348692403487, 0.6783045721401886, 0.6867550257961217, 0.6948830279309731, 0.7000422522682797, 0.7089930617327878, 0.713774239459171, 0.7206569115815691, 0.726727895392279, 0.7321873332147305, 0.7387586728340153], "lr": [0.0010000000474974513, 0.0009857142576947808, 0.0009714285843074322, 0.0009571428527124226, 0.000942857121117413, 0.0009285714477300644, 0.0009142857161350548, 0.0008999999845400453, 0.0008857143111526966, 0.000871428579557687, 0.0008571428479626775, 0.0008428571163676679, 0.0008285714429803193, 0.0008142857113853097, 0.0007999999797903001, 0.0007857143064029515, 0.0007714285748079419, 0.0007571428432129323, 0.0007428571698255837, 0.0007285714382305741, 0.0007142857066355646, 0.000699999975040555, 0.0006857143016532063, 0.0006714285700581968, 0.0006571428384631872, 0.0006428571650758386, 0.000628571433480829, 0.0006142857018858194, 0.0006000000284984708, 0.0005857142969034612, 0.0005714285653084517, 0.0005571428337134421, 0.0005428571603260934, 0.0005285714287310839, 0.0005142856971360743, 0.0005000000237487257, 0.0004857142921537161, 0.0004714285605587065, 0.0004571428580675274, 0.0004428571555763483, 0.00042857142398133874, 0.00041428572149015963, 0.00039999998989515007, 0.00038571428740397096, 0.00037142858491279185, 0.0003571428533177823, 0.0003428571508266032, 0.0003285714192315936, 0.0003142857167404145, 0.0003000000142492354, 0.0002857142826542258, 0.0002714285801630467, 0.00025714284856803715, 0.00024285714607685804, 0.0002285714290337637, 0.00021428571199066937, 0.00019999999494757503, 0.00018571429245639592, 0.0001714285754133016, 0.00015714285837020725, 0.0001428571413271129, 0.00012857142428401858, 0.00011428571451688185, 9.999999747378752e-05, 8.57142877066508e-05, 7.142857066355646e-05, 5.714285725844093e-05, 4.28571438533254e-05, 2.8571428629220463e-05]}