{"val_loss": [5.380894581476848, 4.511774281948661, 4.7444399243967545, 4.592729374982309, 4.38072399240761, 4.140570649394283, 3.9825475715016783, 3.8307746481780267, 4.083584022598758, 3.8376243928396376, 4.591628044699701, 4.08450469225885, 4.034815732215722, 4.1394486496413965, 3.847330665818735, 4.017120322167585, 3.798417302913328, 3.812456788648154, 3.65632103069201, 3.7218063319170915, 4.026212375137157, 3.855770625162048, 4.114933365209091, 4.092218081156413, 3.563844479992386, 3.4318132339084397, 3.7569819110987077, 4.304268891876639, 3.856615361000221, 3.9396318275955373, 3.9236936515464107, 3.484501445159052, 3.7090984845890898, 3.3959854605117283, 3.6298006356434356, 3.7358745211756363, 4.037049797997958, 3.8111234567399572, 4.095869497400551, 4.019141157276197, 3.1282613155169363, 3.0069956737248025, 3.0875464952318374, 3.043977160000763, 2.9739210912762823, 2.970944397691367, 2.9988064850394083, 3.0073392498704354, 2.94359919798355, 2.973625792397393, 2.9704989860983093, 2.9464876329265355, 2.93259502724173, 2.849412105701588, 2.955860425116743, 2.862701877495709, 2.863236281030996, 2.95074456287083, 2.89254737092293, 2.923050834360906, 2.8407761729680576, 2.841069408852889, 2.8477687440248696, 2.851909984521052, 2.8484056479689004, 2.837250124429159, 2.8349512986322916, 2.8430076628299537, 2.8507898091885973, 2.844300477784997], "val_acc": [0.05939503205128205, 0.12359098228663445, 0.12318840579710146, 0.14563204508856684, 0.16294283413848631, 0.20279790660225444, 0.22302737520128824, 0.24476650563607086, 0.21457326892109502, 0.24376006441223833, 0.17572463768115942, 0.22997181964573268, 0.23923107890499196, 0.23289049919484703, 0.2682165861513688, 0.25754830917874394, 0.2883454106280193, 0.28784219001610306, 0.30303945249597425, 0.3016304347826087, 0.2745571658615137, 0.2903582930756844, 0.2664049919484702, 0.2760668276972625, 0.3344404186795491, 0.35275764895330114, 0.31028582930756843, 0.2469806763285024, 0.3010265700483092, 0.27485909822866345, 0.3012278582930757, 0.3406803542673108, 0.3271940418679549, 0.3645330112721417, 0.33454106280193235, 0.31521739130434784, 0.29176731078904994, 0.31088969404186795, 0.28955314009661837, 0.29891304347826086, 0.42077323717948717, 0.4390096618357488, 0.4262278582930757, 0.4346819645732689, 0.4438405797101449, 0.44021739130434784, 0.4359903381642512, 0.43266908212560384, 0.4429347826086957, 0.4401167471819646, 0.4422302737520129, 0.4403180354267311, 0.4447463768115942, 0.45954106280193235, 0.4420289855072464, 0.45511272141706927, 0.45692431561996777, 0.44394122383252815, 0.4491747181964573, 0.44565217391304346, 0.4590344551282051, 0.4590378421900161, 0.45742753623188404, 0.45762882447665054, 0.4583333333333333, 0.4603462157809984, 0.46064814814814814, 0.45873590982286633, 0.45783011272141705, 0.45843397745571657], "loss": [5.845969222517814, 4.651416000745577, 4.279179572634925, 4.083726302348641, 3.9303566036943733, 3.801723136148553, 3.697340849857911, 3.6120373942720105, 3.5414098348721046, 3.479845490537914, 3.4215518027687173, 3.3737481487452654, 3.332439415184677, 3.3032038410327926, 3.2691142238813073, 3.2435011359385975, 3.214800562983284, 3.195563928488416, 3.1743531042603577, 3.1517816858557994, 3.1319555444366207, 3.1135725441447275, 3.1043870200510235, 3.0901090727648137, 3.073006229412511, 3.0712529642050472, 3.0552013565098086, 3.0490088932795407, 3.033996621817165, 3.031908769239376, 3.011679894727779, 3.012087608948867, 2.993226188036327, 2.999089636893443, 2.984662292521527, 2.9773070242582658, 2.973027134085864, 2.9636067565788347, 2.96098726301765, 2.9568550120552035, 2.6345076968795373, 2.5118952225883793, 2.448684339357046, 2.4074505599574505, 2.369606127392841, 2.336207985178132, 2.311285360367182, 2.280155379011673, 2.255382172112532, 2.2305713550536748, 2.2130107336081637, 2.191885029796688, 2.175394603353954, 2.158358556141401, 2.1364882468032023, 2.1203728060221, 2.1043309730644477, 2.0896438645035573, 2.0773566189322943, 2.057840783599008, 2.007891138451198, 1.9961472521301606, 1.9888206066090195, 1.9875052659839438, 1.9796546927509604, 1.978757911614094, 1.9719499825710207, 1.9703373991707172, 1.9596405999131568, 1.968173587392221], "acc": [0.04954214082503556, 0.10893301903575876, 0.1570005337128625, 0.19155844155844157, 0.22042341220423411, 0.24524106030955345, 0.2662337662337662, 0.28223403309019746, 0.2984010852161537, 0.31156600249066, 0.325987368795588, 0.33635029354207435, 0.3464241238213841, 0.3539183419320406, 0.3604452054794521, 0.3654042874933286, 0.3736768368617684, 0.37891389432485323, 0.3837840241949831, 0.38875422522682795, 0.39332414161181284, 0.39883917452410605, 0.4009851449919943, 0.40384273260985587, 0.40797900729407577, 0.41012497776196405, 0.4149839886141256, 0.4149506315602206, 0.4186643835616438, 0.4195205479452055, 0.425613769791852, 0.42701476605586197, 0.4299613058174702, 0.42892723714641523, 0.43229629959082017, 0.4348536737235367, 0.43658824052659667, 0.43709971535314, 0.4405688489592599, 0.4418141789717132, 0.5094572368421053, 0.534591264899484, 0.5448874755381604, 0.5503357943426437, 0.5550169009073118, 0.5588640811243551, 0.565001779042875, 0.5669142501334282, 0.5726516634050881, 0.5768101761252447, 0.5779554349759829, 0.5795009784735812, 0.5825475893969044, 0.585171677637431, 0.5850493684397794, 0.5906867105497242, 0.5932552037004092, 0.5932885607543141, 0.5965909090909091, 0.598025262408824, 0.6112531116642959, 0.614881693648817, 0.6150040028464686, 0.6140922433730653, 0.6171277352784202, 0.6170387831346735, 0.6184620174346201, 0.6178838285002669, 0.6206191069204768, 0.6194404910158334]}