{"val_loss": [5.5165303487044115, 5.026435485784559, 5.140825695461697, 4.3282340812990245, 4.464864614889049, 3.979245193146661, 4.1113950373086, 4.079348262381439, 3.9939612359432397, 3.8550237684050237, 4.097056318212439, 3.9556499065024457, 3.9201970557275794, 3.943414448539992, 3.8950977363832138, 4.10876963334383, 3.6623255166070665, 4.3145327583411275, 3.916829366038963, 3.707203627784471, 3.997709386782562, 3.7658727656623974, 3.956544363940204, 3.849582413352438, 4.101859512728385, 3.8090612331642237, 4.003719279923493, 3.5070130682989786, 3.824876186736348, 3.700663610740944, 3.816044891897991, 3.7937007741267745, 3.5909510649344774, 3.5928588692884706, 3.7594329139844613, 3.8277404765192053, 3.6072194284479013, 3.615061726163167, 3.5645267571804027, 3.503620035982362, 3.0955087068753366, 3.0342583022831717, 3.08305926637757, 3.0332256327120772, 2.9870332638806576, 2.956095920860671, 2.9823582337482346, 2.9816383693529214, 2.974396424976908, 2.904484329208276, 2.897673564640604, 2.918812205058173, 2.9039159938333117, 2.89045442590391, 2.922219899541514, 2.909834027098381, 2.8596264141193335, 2.8762671060608205, 2.9114228646344418, 2.9137860223674927, 2.8148909241725235, 2.8134483553937093, 2.8150459549085336, 2.8114405169771106, 2.8153799612932926, 2.815656208569685, 2.8132830879346566, 2.821080503064461, 2.818979149279387, 2.8094983361961376], "val_acc": [0.10346554487179487, 0.1278180354267311, 0.11332528180354268, 0.1945450885668277, 0.18136070853462158, 0.2471819645732689, 0.22715378421900162, 0.241243961352657, 0.25221417069243157, 0.2822061191626409, 0.24818840579710144, 0.27616747181964574, 0.27848228663446056, 0.28270933977455714, 0.295390499194847, 0.2686191626409018, 0.32407407407407407, 0.26972624798711753, 0.29025764895330114, 0.31773349436392917, 0.28613123993558776, 0.3083735909822866, 0.30132850241545894, 0.30676328502415456, 0.2834138486312399, 0.3155193236714976, 0.2980072463768116, 0.3603059581320451, 0.3196457326892109, 0.33081723027375204, 0.32306763285024154, 0.322463768115942, 0.34933574879227053, 0.3541666666666667, 0.32024959742351045, 0.3163244766505636, 0.3509460547504026, 0.349134460547504, 0.3607085346215781, 0.3624194847020934, 0.4389022435897436, 0.44756441223832527, 0.4433373590982287, 0.4496779388083736, 0.45471014492753625, 0.4594404186795491, 0.4555152979066023, 0.4491747181964573, 0.4552133655394525, 0.46256038647342995, 0.463768115942029, 0.46145330112721417, 0.4630636070853462, 0.46316425120772947, 0.46195652173913043, 0.4594404186795491, 0.4663848631239936, 0.4669887278582931, 0.4605475040257649, 0.4585346215780998, 0.47716346153846156, 0.4763486312399356, 0.4746376811594203, 0.4754428341384863, 0.47383252818035426, 0.4720209339774557, 0.4746376811594203, 0.47363123993558776, 0.4739331723027375, 0.4752415458937198], "loss": [6.086260125104598, 4.933775422751659, 4.428983759019028, 4.197960420851817, 4.049985508883982, 3.9152394413333034, 3.8051280293297545, 3.7025365148271834, 3.625166322090218, 3.548051619737561, 3.4833471027690517, 3.4397388246003855, 3.395628446829402, 3.3641595009954943, 3.3265399515066805, 3.2924571955592112, 3.26724163571025, 3.241652894075221, 3.216987059604568, 3.1944977517357884, 3.1741962546959526, 3.152729920063382, 3.136804398258605, 3.127000802607961, 3.1144702127874373, 3.095039847821363, 3.0887198032507417, 3.0734207255202795, 3.0681246831056126, 3.0498331723911356, 3.046553307550061, 3.0374438697768795, 3.029466600440147, 3.019490589388875, 3.0141494593105373, 3.0048012566341664, 2.994539521508657, 2.9889883583199826, 2.9800802152620434, 2.978617419977668, 2.642776236171234, 2.5041891264970606, 2.4363823902816923, 2.3862449660926415, 2.343020515453771, 2.3039837981262914, 2.2707255679376397, 2.243423336999863, 2.2131322765027983, 2.1840757161903754, 2.163838280878167, 2.139723475262313, 2.119516432232289, 2.1044334343713578, 2.0825493081441833, 2.0629845398046265, 2.04562574416118, 2.021515330350435, 2.0102978525499373, 1.9967356341056097, 1.9418635201318504, 1.9281318827130112, 1.9125511758884401, 1.9111342603170751, 1.902256169197844, 1.90238992310232, 1.9007303708389844, 1.892015004620351, 1.891182171664317, 1.8878938610539744], "acc": [0.07365753911806544, 0.14156733677281622, 0.1788160469667319, 0.2064801636719445, 0.2312199786514855, 0.25543719978651486, 0.27669676214196764, 0.2946206191069205, 0.30745196584237683, 0.3236968510941114, 0.33620574630848604, 0.3435665362035225, 0.3526174168297456, 0.36114570361145704, 0.3677281622487102, 0.37640099626400997, 0.38161581569115816, 0.3866416118128447, 0.39059998220957126, 0.39670432307418607, 0.40072940757872266, 0.40595534602383915, 0.4092354563244974, 0.41179283045721404, 0.41543986835082725, 0.4205434975982921, 0.4211328055506138, 0.4246241771926703, 0.42552481764810535, 0.43176258672834017, 0.4321072762853585, 0.4328633695072051, 0.4344311510407401, 0.43802259384451164, 0.4406355630670699, 0.4427815335349582, 0.4443826721223981, 0.44390455434975984, 0.44619507205123643, 0.4462840241949831, 0.5189144736842105, 0.5444315958014588, 0.5539494751823519, 0.56376756804839, 0.5681039850560399, 0.575720512364348, 0.5795565735634228, 0.5835594200320228, 0.5878291229318626, 0.5918097313645259, 0.5961906244440491, 0.5985478562533357, 0.601894680661804, 0.6039072229140723, 0.6059531222202456, 0.6080990926881338, 0.6117572495997153, 0.6148260985589753, 0.6170165450987369, 0.6181618039494752, 0.6306121088193457, 0.6324275040028464, 0.638287226472158, 0.6367305639565913, 0.6401774595267746, 0.6393324141611813, 0.6374755381604696, 0.6410225048923679, 0.641055861946273, 0.6409446717665895]}