{"val_loss": [5.08750057220459, 4.766464649575152, 4.279855863291668, 4.016826394675435, 3.8917798550616522, 3.782326181921598, 3.7051488685147196, 3.7853992553532794, 3.8363416436789692, 3.5539046224572615, 3.4331555635264914, 3.4708125046101936, 3.375949829672846, 3.483372517062078, 3.306888738500131, 3.317605444006682, 3.2095832379351874, 3.2001892833126147, 3.196494940974286, 3.1887715442553044, 3.240441743494424, 3.298319849990992, 3.210007415301558, 3.2422859215697994, 3.4453615604775347, 3.461938555497862, 3.1970791475016522, 3.3983053677323936, 3.113097203910447, 3.1807106059530508, 3.197804259409267, 3.232932731917131, 3.1403644557160457, 3.1341428138591625, 3.154280381118234, 3.200918130060709, 3.1816185150361482, 3.1152219787695943, 3.292020471775589, 3.4570534478831023, 2.6274310808915358, 2.5928213435094714, 2.5691886692999257, 2.532463813557525, 2.527145378831504, 2.5078508178201084, 2.4877889962587956, 2.4765594473975483, 2.4477322201414, 2.4577672777160546, 2.459289366880285, 2.4329332284113443, 2.4377120320539736, 2.4162794180730307, 2.41361764471696, 2.396452785498086, 2.4070975983968297, 2.389999013400116, 2.379193179657302, 2.3850031712972792, 2.346571671657073, 2.3432069177980774, 2.3418209606514653, 2.3379204580365363, 2.3386280609597714, 2.341134431473491, 2.3407940799295424, 2.3347553653993467, 2.3343978542444597, 2.3353630294738377], "val_acc": [0.08253205128205128, 0.1107085346215781, 0.1595209339774557, 0.20048309178743962, 0.22574476650563607, 0.24547101449275363, 0.2649959742351047, 0.25503220611916266, 0.25271739130434784, 0.2984098228663446, 0.32085346215780997, 0.3188405797101449, 0.3350442834138486, 0.3256843800322061, 0.3560789049919485, 0.35829307568438, 0.3767109500805153, 0.3778180354267311, 0.37620772946859904, 0.3819444444444444, 0.3675523349436393, 0.37127616747181963, 0.3834541062801932, 0.3738929146537842, 0.3466183574879227, 0.3447061191626409, 0.3932165861513688, 0.3541666666666667, 0.40942028985507245, 0.3999597423510467, 0.3932165861513688, 0.38838566827697263, 0.4040861513687601, 0.40881642512077293, 0.4063003220611916, 0.3930152979066023, 0.401268115942029, 0.4142512077294686, 0.38788244766505636, 0.36976650563607083, 0.515625, 0.519927536231884, 0.5196256038647343, 0.5293880837359098, 0.5268719806763285, 0.5337157809983897, 0.53341384863124, 0.5327093397745571, 0.5405595813204509, 0.538647342995169, 0.5362318840579711, 0.5389492753623188, 0.5373389694041868, 0.5442834138486312, 0.5424718196457327, 0.544987922705314, 0.5409621578099839, 0.543780193236715, 0.544182769726248, 0.5428743961352657, 0.547676282051282, 0.5501207729468599, 0.5498188405797102, 0.5513285024154589, 0.5510265700483091, 0.5513285024154589, 0.5519323671497585, 0.5519323671497585, 0.5544484702093397, 0.5528381642512077], "loss": [5.840950717966723, 4.647014638618777, 4.271570992329816, 4.095284218254558, 3.961458427798725, 3.825287308223815, 3.7182976777094194, 3.635861669904162, 3.559798806444476, 3.5014089932328885, 3.4472042791488393, 3.4091426798127085, 3.363172844834354, 3.329565294568086, 3.302555359251833, 3.2736715687655233, 3.2499918176321514, 3.231085516977641, 3.213578414034746, 3.1918721965911274, 3.1722043208689095, 3.157585877495036, 3.1457967460420586, 3.1315379026542245, 3.118514593927234, 3.1075446513216174, 3.0892723407042957, 3.084832724420398, 3.070419318818936, 3.0648346122018255, 3.0552470717559905, 3.051594181939644, 3.0436075121413513, 3.0321922513900375, 3.037204201037806, 3.0192981264256558, 3.0140675426992822, 3.0039128443245104, 3.000672500172961, 2.994607912775164, 2.6712799112962964, 2.5549873702149863, 2.4931595000989963, 2.4494573477005495, 2.4103363663504247, 2.3773261733463156, 2.3509826014589486, 2.32407095041633, 2.294101534397062, 2.275806755299374, 2.258175393479338, 2.236191865028255, 2.217670832955313, 2.199490008437322, 2.1811270374056497, 2.1657057243232476, 2.150005295127763, 2.135901558168035, 2.125122970564258, 2.102405692818029, 2.059690759497381, 2.0427412621132146, 2.0411267458088265, 2.0263316863330947, 2.0244281462472733, 2.022416420666651, 2.018754876353439, 2.017662799436837, 2.012721646173508, 2.0097693152496388], "acc": [0.05392069701280228, 0.11509295499021527, 0.16044742928304573, 0.19132494218110657, 0.21841086995196585, 0.2449186087884718, 0.2650551503291229, 0.2811999644191425, 0.2950209037537805, 0.3091754136274684, 0.32024995552392815, 0.33029042874933284, 0.33984166518413095, 0.348992616972069, 0.3542741505070272, 0.35986701654509873, 0.3681062088596335, 0.3728985056039851, 0.37553371286248, 0.3812933641700765, 0.38625244618395305, 0.38907667674790963, 0.39327966553993954, 0.3966153709304394, 0.40160780999822093, 0.40434308841843086, 0.40941336061199074, 0.4102806440135207, 0.41449475182351897, 0.4145948229852339, 0.41765255292652553, 0.4207325209037538, 0.4225560398505604, 0.4232565379825654, 0.4252913182707703, 0.4282823341042519, 0.42734833659491195, 0.43141789717132184, 0.4332302971001601, 0.43529843444227007, 0.5033005867709816, 0.5243506493506493, 0.535391834193204, 0.5408401529976873, 0.547811777263832, 0.5530043586550436, 0.5559286603807152, 0.5604429816758584, 0.564001067425725, 0.5658357053904999, 0.5689712684575698, 0.5702833125778332, 0.573051948051948, 0.576220868172923, 0.5784780288204946, 0.5795343355274862, 0.5850160113858744, 0.5839930617327878, 0.586272460416296, 0.5901529976872443, 0.5994954658605974, 0.6033735100515922, 0.6032289628180039, 0.6077432841131472, 0.6075320227717488, 0.6065424301725671, 0.6085994484967088, 0.6074208325920655, 0.6110567514677103, 0.6086216865326455]}