{"val_loss": [5.224403937657674, 4.7233443083586515, 4.482710237856264, 4.135648746229408, 3.90796071242979, 3.8828426232852413, 3.7122265624539286, 3.570101811690031, 3.622342767730811, 3.4952204073876767, 3.39259616188381, 3.4058908456381585, 3.347585160567181, 3.2354976117322987, 3.366690628386542, 3.26212005223629, 3.303259027560936, 3.2181525345585773, 3.217836758940692, 3.2519364287887793, 3.243173903697163, 3.1448573371254493, 3.19071489908461, 3.10099314606708, 3.2028823770378714, 3.1169933078753584, 3.0958159173360387, 3.193714890503077, 3.219235397191439, 3.071313854192958, 3.1156202856085344, 3.0762703679801953, 3.0408368605922385, 3.096541128296783, 3.113615744355796, 3.0044373433179135, 2.974698798476018, 3.1304326161094336, 3.0211965684537536, 3.077571587478097, 2.6103628293061867, 2.554240537342434, 2.52471827769625, 2.496469112602025, 2.4713119151319667, 2.4561390508200236, 2.433250391924823, 2.415184096245758, 2.409850344373792, 2.4099113346106, 2.3917147019059186, 2.3736694120170605, 2.3636646808249555, 2.359202138851614, 2.3504518145716324, 2.3508539541524005, 2.331487103552826, 2.3257289009585667, 2.3278460145572533, 2.332539550732107, 2.3009332907505526, 2.293842562922725, 2.291177025547734, 2.288865026836426, 2.285244357758674, 2.287844730844052, 2.286781959871547, 2.2838068384671173, 2.2876380887392447, 2.2859099844227666], "val_acc": [0.13201121794871795, 0.15499194847020933, 0.1723027375201288, 0.22091384863123995, 0.2523148148148148, 0.2616747181964573, 0.29045893719806765, 0.31260064412238325, 0.31028582930756843, 0.3166264090177134, 0.35034219001610306, 0.35144927536231885, 0.35738727858293073, 0.38093800322061194, 0.36292270531400966, 0.3799315619967794, 0.3789251207729469, 0.3914049919484702, 0.39623590982286633, 0.392914653784219, 0.39875201288244766, 0.4097222222222222, 0.40247584541062803, 0.41505636070853463, 0.40096618357487923, 0.4196859903381642, 0.419585346215781, 0.4102254428341385, 0.40479066022544286, 0.43085748792270534, 0.41988727858293073, 0.43699677938808373, 0.4381038647342995, 0.42502012882447665, 0.42803945249597425, 0.45279790660225444, 0.45581723027375204, 0.4307568438003221, 0.4504830917874396, 0.438305152979066, 0.5292467948717948, 0.5381441223832528, 0.5410628019323671, 0.5458937198067633, 0.5507246376811594, 0.5500201288244766, 0.5531400966183575, 0.5563607085346216, 0.553341384863124, 0.5557568438003221, 0.5519323671497585, 0.5561594202898551, 0.5591787439613527, 0.5573671497584541, 0.5581723027375202, 0.5598832528180354, 0.5585748792270532, 0.5622987117552335, 0.5591787439613527, 0.5582729468599034, 0.5663060897435898, 0.5680354267310789, 0.5677334943639292, 0.5655193236714976, 0.5677334943639292, 0.5698470209339774, 0.57085346215781, 0.5695450885668277, 0.5667270531400966, 0.5682367149758454], "loss": [6.075969919880288, 4.936855062770793, 4.440383772603178, 4.210816316090536, 4.060863132600661, 3.941807858143555, 3.828968522133426, 3.7346391610415504, 3.6414166814257425, 3.578798677420366, 3.5178088724899497, 3.471543459849009, 3.4255387571396256, 3.3890862567126594, 3.3544510304556687, 3.3247398558597805, 3.2964271573574173, 3.2746293629176506, 3.2550346064962032, 3.2346232408646736, 3.2131209192359136, 3.1917136215565574, 3.175525513731952, 3.162966875350469, 3.1467284003391613, 3.1402283291697097, 3.11962629878803, 3.107211049225296, 3.10302260574805, 3.0922263060530573, 3.0724144819219266, 3.0674900425814413, 3.0604147655729337, 3.05845499484061, 3.0450282635117865, 3.0390786137196586, 3.0301053880733266, 3.016238506144422, 3.0177493662919845, 3.013542628377342, 2.685617359739279, 2.5509365915594695, 2.4790645062637124, 2.4266769924190963, 2.3810521109081675, 2.347946380427927, 2.314193210256543, 2.2877937881913906, 2.25580017266802, 2.233482221822428, 2.2063108354335026, 2.1806716972389077, 2.167864066959382, 2.1392261882287245, 2.1225912911127183, 2.0991533618659615, 2.0864926655719636, 2.0655664038857497, 2.0558881332093426, 2.0374729959720015, 1.982438986705004, 1.9689793880247515, 1.9592498711813515, 1.95381391780102, 1.9496765773378217, 1.9484965514721044, 1.9473234774103116, 1.9391146158540065, 1.9374656121600589, 1.9362220084448765], "acc": [0.07761379800853485, 0.14380225938445115, 0.17985011563778688, 0.20655799679772283, 0.2315535491905355, 0.2538360611990749, 0.27283846290695607, 0.29007294075787227, 0.3057618751111902, 0.3169698452232699, 0.3293008361501512, 0.3397860700942893, 0.34686888454011744, 0.3540628891656289, 0.36225760540829033, 0.36956280021348514, 0.3752779754492083, 0.38176036292474647, 0.38629692225582635, 0.38800925102294964, 0.3936243550969578, 0.3985945561288027, 0.40365370930439426, 0.40584415584415584, 0.40965797900729406, 0.411492616972069, 0.4169631738124889, 0.4188422878491372, 0.4188200498132005, 0.42186666073652374, 0.42663671944493864, 0.42552481764810535, 0.4285491905354919, 0.42970556840419855, 0.4340086283579434, 0.43558752890944674, 0.4359878135563067, 0.44111368083970826, 0.43976827966553994, 0.44109144280377155, 0.5099906650071123, 0.5338351716776374, 0.546877779754492, 0.5548278776018502, 0.5616549546344067, 0.5647460416296033, 0.5706613591887565, 0.5744529443159581, 0.5782445294431596, 0.5827588507383028, 0.5852383917452411, 0.589107809998221, 0.5903086639388009, 0.5939890588863191, 0.598692403486924, 0.6008494929727807, 0.6021170610211706, 0.6056529087351005, 0.6061310265077389, 0.6084882583170255, 0.6210326280227596, 0.6238547411492616, 0.6263454011741683, 0.6272682796655399, 0.6285803237858032, 0.6268235189468067, 0.6286025618217399, 0.6298923679060665, 0.6289694894146949, 0.6295699163849848]}