{"val_loss": [5.459663553115649, 4.695996061807286, 4.2335951332116855, 3.9541225034065675, 3.8395932196802947, 3.8642701507574504, 3.5884210015264686, 3.488582288585423, 3.4870999323957017, 3.435978045978024, 3.3680170530666285, 3.2420796115617248, 3.3315607518581567, 3.2345595029625147, 3.1840853556726674, 3.07830558921212, 3.239661058941901, 3.0890931534114476, 3.0622436570276577, 3.072031562071108, 2.98293658654279, 2.973425181783532, 2.9378720830988, 2.967387940764619, 2.9315680175203824, 2.897011528844419, 2.8696108597680183, 2.8932291374882255, 2.8346669113386462, 2.850285822642598, 2.7973025858690197, 2.78923606335061, 2.7666962354079536, 2.7462127995759777, 2.7850837857251007, 2.7760541573430797, 2.7242449347331714, 2.7244232142413103, 2.7069357800598883, 2.717609912684958, 2.647045305193718, 2.6708442750184433, 2.7015511667094945, 2.6214853423421127, 2.6178754021004202, 2.5999052236621507, 2.5669465053484637, 2.554661199858415, 2.552761298638803, 2.5446993260375925, 2.563472119698394, 2.528042499953806, 2.4885525085307934, 2.511027969599922, 2.5056715430076957, 2.470709257847637, 2.4692467525961317, 2.4498292981330514, 2.44063159002774, 2.444792537489567, 2.431387007524426, 2.436153012581302, 2.4385047223832874, 2.415988458335496, 2.422504582074913, 2.422818886485077, 2.4074953692738754, 2.385231296413379, 2.385845265334739, 2.3867637500670797, 2.370219058652623, 2.3549876147806166, 2.353078342674243, 2.3393718420787324, 2.3289297010971537], "val_acc": [0.11939102564102565, 0.15348228663446054, 0.205817230273752, 0.24033816425120774, 0.2653985507246377, 0.2572463768115942, 0.30434782608695654, 0.3252818035426731, 0.3194444444444444, 0.3419887278582931, 0.35275764895330114, 0.3826489533011272, 0.35819243156199676, 0.3824476650563607, 0.3923107890499195, 0.4161634460547504, 0.38617149758454106, 0.4061996779388084, 0.4153582930756844, 0.4148550724637681, 0.4329710144927536, 0.4377012882447665, 0.4451489533011272, 0.4388083735909823, 0.45148953301127215, 0.456622383252818, 0.46316425120772947, 0.4588365539452496, 0.473731884057971, 0.46578099838969406, 0.47946859903381644, 0.48077697262479874, 0.48278985507246375, 0.4867149758454106, 0.48389694041867953, 0.48168276972624796, 0.4961755233494364, 0.49114331723027377, 0.4934581320450886, 0.48842592592592593, 0.5067431561996779, 0.5024154589371981, 0.49496779388083734, 0.5094605475040258, 0.5116747181964574, 0.5135869565217391, 0.523852657004831, 0.5249597423510467, 0.523450080515298, 0.5252616747181964, 0.5202294685990339, 0.5352254428341385, 0.5412640901771336, 0.5343196457326892, 0.5364331723027376, 0.537842190016103, 0.5446859903381642, 0.5444847020933977, 0.5502214170692431, 0.5526368760064412, 0.5522342995169082, 0.5514291465378421, 0.5539452495974235, 0.5552536231884058, 0.5561594202898551, 0.5569645732689211, 0.5577697262479872, 0.562097423510467, 0.5650161030595813, 0.5693438003220612, 0.5672302737520128, 0.5710547504025765, 0.5688405797101449, 0.5744766505636071, 0.5745772946859904], "loss": [6.0727311872995084, 4.923023328304375, 4.420989168048689, 4.181993357758996, 4.027111929011417, 3.891033118569836, 3.7739638829651176, 3.6747484749225805, 3.5809544338659975, 3.506290014772902, 3.4389974322316488, 3.3773346164858102, 3.3243433971079277, 3.2709649598719364, 3.2235847085295486, 3.184816540825136, 3.146764205796208, 3.106327238678402, 3.0771069964402256, 3.035777634688701, 3.0044891026240186, 2.971579139331464, 2.951107114092181, 2.914501028793856, 2.8821813993194394, 2.862768757196958, 2.8273188084220786, 2.7983368350780427, 2.7766077514221568, 2.7502634621158526, 2.7199314578405334, 2.691818040580729, 2.6712252470208875, 2.6434281549723497, 2.613536652329341, 2.5919423946768463, 2.5541915385414753, 2.5412644399185873, 2.5089302277187504, 2.4839928175626413, 2.4559611360111857, 2.4285786499482547, 2.4056797800401717, 2.372768200603886, 2.35164895962829, 2.317933756777918, 2.2964193111763076, 2.2705366326447294, 2.2327366978052012, 2.211570589255235, 2.177595253602357, 2.1541724977618837, 2.1168179815084014, 2.0909728912500443, 2.066277949777368, 2.0246092089765164, 1.9929673053513768, 1.9671890164711068, 1.9342863912197263, 1.9061680340168845, 1.8692831875187417, 1.8420026929241506, 1.8104919681046872, 1.77811132767217, 1.7462663383293864, 1.7174607913618387, 1.6868490363075055, 1.659303533502839, 1.622856213505254, 1.589031307940338, 1.5677831414606493, 1.5359944539272876, 1.5174145088079583, 1.490952316286555, 1.4713536267856584], "acc": [0.07922519559032717, 0.14500311332503113, 0.1812066358299235, 0.20882627646326277, 0.23424435153887208, 0.2571717665895748, 0.2780310442981676, 0.29706680305995375, 0.3104318626578901, 0.3264988436221313, 0.33887431062088597, 0.35355141433908555, 0.36266900907311866, 0.3751445472335883, 0.3833392634762498, 0.39275707169542784, 0.3989281266678527, 0.4072451521081658, 0.41287137520014233, 0.4194538338373955, 0.4276151930261519, 0.4339641522860701, 0.43741104785625334, 0.44589485856609146, 0.45185465219711796, 0.4554349759829212, 0.46242883828500264, 0.4691669631738125, 0.4720690268635474, 0.4772838462906956, 0.4847558263654154, 0.48981497954100695, 0.4920943782245152, 0.49776507738836506, 0.5033468244084682, 0.5057596513075965, 0.5140099626400996, 0.5157778864970646, 0.5228051058530511, 0.5280755203700409, 0.5353028820494574, 0.5406956057640989, 0.5414516989859456, 0.549713129336417, 0.553582547589397, 0.560064935064935, 0.562466642946095, 0.5670810354029532, 0.5746642056573563, 0.576854652197118, 0.5819249243906778, 0.5891634050880626, 0.5964797189112258, 0.6026507738836506, 0.6056529087351005, 0.6144146948941469, 0.6197295854830102, 0.6250444760718733, 0.6309597936310265, 0.6385763209393346, 0.6443137342109945, 0.648172033446006, 0.6549879914605942, 0.6631715886852874, 0.6680639565913539, 0.675213485144992, 0.6821072762853585, 0.6876779042874933, 0.6959393346379648, 0.702488436221313, 0.7060354029532112, 0.7156978295676926, 0.7181662515566625, 0.725126756804839, 0.7294186977406155]}